"recommendation_id","priority","workstream","scope","current_problem","required_remediation","acceptance_evidence","dependencies","owner_role","status","target_gate","target_date","closure_evidence","reviewer_role","review_status","blocker","disposition","replacement_id"
"PCR-001","P0","Content governance","Repository-wide Markdown","The repository presents studies briefs protocols registers results and placeholders as one undifferentiated content class.","Define a governed taxonomy including study brief protocol reference register result tutorial ADR and presentation source with required fields for each type.","A versioned taxonomy document lists each allowed type its purpose required metadata quality gate and publication behavior.","none","Editorial Lead","backlog","TBD","TBD","none","Independent Reviewer","not-reviewed","none","open","none"
"PCR-002","P0","Content governance","All Markdown and generated pages","Page maturity is implicit and readers cannot distinguish a hypothesis from verified evidence or an approved decision.","Inventory every page and assign content type evidence maturity owner review date and canonical or supporting status.","A machine-readable inventory covers 100 percent of published pages and has no unclassified records.","PCR-001","Content Governance Lead","backlog","TBD","TBD","none","Independent Reviewer","not-reviewed","none","open","none"
"PCR-003","P0","Editorial quality","Substantive studies and research articles","Most articles are short outlines without a complete decision argument evidence analysis or limitations.","Publish a principal article contract and QA rubric covering decision question audience scope evidence competing options analysis inline exhibits implications limitations ownership and next gate.","A reusable template and scored rubric exist and one exemplar study passes every mandatory rubric item.","PCR-001","Editorial Lead","backlog","TBD","TBD","none","Independent Reviewer","not-reviewed","none","open","none"
"PCR-004","P1","Information architecture","docs/00 through docs/40 and related research","Fragmentation into many short sequential notes creates an illusion of breadth and duplicates generic guidance.","Consolidate overlapping notes into a governed set of pillar studies and redirect or archive superseded stubs without losing evidence lineage.","A content map names each pillar its supporting annexes and every former page disposition with working redirects or canonical links.","PCR-001;PCR-002;PCR-003","Information Architect","backlog","TBD","TBD","none","Independent Reviewer","not-reviewed","none","open","none"
"PCR-005","P0","Editorial integrity","Comparison baseline and research page titles","Several pages claim to be comparisons or baselines but contain only questions protocols or future inventory requirements.","Rename each overclaiming page to its current artifact type or expand it until it contains evidence-based comparisons findings and implications.","A title-to-content audit finds no page whose title claims a maturity level unsupported by its body and evidence state.","PCR-001;PCR-002","Editorial Lead","backlog","TBD","TBD","none","Independent Reviewer","not-reviewed","none","open","none"
"PCR-006","P1","Audience design","Executives architects developers DevOps and platform teams","Audience guidance exists but the publication does not provide explicit decision-stage journeys through canonical content.","Define role-based and decision-stage reading journeys that identify the required executive technical delivery and evidence views.","Each named audience has a tested entry path with purpose expected outcome and links to canonical studies rather than duplicate summaries.","PCR-002;PCR-004","Content Strategist","backlog","TBD","TBD","none","Independent Reviewer","not-reviewed","none","open","none"
"PCR-007","P0","Site publishing","Site cards navigation search and page chrome","The site labels every Markdown document as a study note regardless of artifact type or maturity.","Drive site labels filters badges and page chrome from governed content type and evidence-maturity metadata.","Rendered pages and search results show the correct type and maturity for every inventoried page with automated coverage tests.","PCR-001;PCR-002","Site Engineering Lead","backlog","TBD","TBD","none","Independent Reviewer","not-reviewed","none","open","none"
"PCR-008","P1","Site publishing","Generated card summaries and calls to action","Generic summaries and calls to action obscure what a page actually concludes and whether it is actionable.","Replace generic generated descriptions with outcome-oriented summaries sourced from approved metadata and show the next appropriate workflow action.","Every published card states the page question outcome evidence state and next action with no generic placeholder copy.","PCR-002;PCR-007","UX Content Lead","backlog","TBD","TBD","none","Independent Reviewer","not-reviewed","none","open","none"
"PCR-009","P0","Roadmap governance","README delivery reports and repository roadmap","Phase 0 is described as complete even though only the technical publication baseline is complete and the editorial decision-grade baseline is not.","Correct status language across authoritative documents and distinguish technical publication readiness from editorial evidence and decision readiness.","README roadmap and delivery reporting use one reconciled maturity model and no longer imply decision-grade completion.","PCR-001;PCR-002","Program Governance Lead","backlog","TBD","TBD","none","Independent Reviewer","not-reviewed","none","open","none"
"PCR-010","P1","Quality automation","Repository validation and CI","There is no automated enforcement of required metadata article sections maturity rules source links or canonical status.","Add deterministic validation for content metadata taxonomy required sections stale review dates broken lineage and disallowed maturity claims.","CI fails on representative invalid fixtures and passes the classified corpus with a published validation report.","PCR-001;PCR-002;PCR-003","Repository Maintainer","backlog","TBD","TBD","none","Independent Reviewer","not-reviewed","none","open","none"
"PCR-011","P0","Decision architecture","Assessment scope and decision framing","API management selection integration-capability design and PCF or Mule-to-AKS migration are treated as one decision despite different owners evidence and gates.","Define three separate linked decision records with individual questions scopes owners alternatives gates and approval forums.","A decision charter exists for each decision and cross-references shared dependencies without combining approval criteria.","none","Decision Architecture Lead","backlog","TBD","TBD","none","Independent Reviewer","not-reviewed","none","open","none"
"PCR-012","P0","Decision governance","Cross-decision dependencies","The sequence and governance between platform selection integration target design and workload migration are not explicit.","Publish a dependency and governance map showing inputs outputs decision rights escalation points stage gates and permissible parallel work.","An inline decision map and RACI are approved and each roadmap milestone resolves to one decision gate.","PCR-011","Program Governance Lead","backlog","TBD","TBD","none","Independent Reviewer","not-reviewed","none","open","none"
"PCR-013","P0","Option architecture","Candidate definition","The seven variants mix products and deployment modes rather than representing complete deployable solution alternatives.","Define a solution-option schema covering exact version control plane runtime locations portal catalog identity telemetry support residency integration dependencies and exit posture.","The schema is documented and validated against at least one complete option with no unresolved mandatory field.","PCR-011","Enterprise Architecture Lead","backlog","TBD","TBD","none","Independent Reviewer","not-reviewed","none","open","none"
"PCR-014","P0","Option architecture","Platform shortlist","No catalog describes complete exact-variant solution alternatives that can be scored and compared end to end.","Catalogue each in-scope deployable solution using the approved schema and mark excluded combinations with a sourced rationale.","Every shortlisted alternative has an immutable solution option ID complete topology assumptions entitlements and lifecycle status.","PCR-013;PCR-018","Product Research Lead","backlog","TBD","TBD","none","Independent Reviewer","not-reviewed","none","open","none"
"PCR-015","P0","Decision model","Criteria scorecards findings and PoC records","Evidence is keyed to product variants and can become ambiguous when one product participates in multiple complete solution designs.","Rekey criteria evidence findings scenarios results and scorecards to solution option IDs while retaining component-level lineage.","A traceability query returns one unambiguous evidence set and scorecard for every solution option and criterion pair.","PCR-013;PCR-014;PCR-023","Decision Model Lead","backlog","TBD","TBD","none","Independent Reviewer","not-reviewed","none","open","none"
"PCR-016","P0","Research neutrality","Product shortlist and Kong hypothesis","Kong variants are labelled leading despite the stated equal-screen and low-confidence hypothesis posture.","Remove premature leading labels and express all prioritization as test-order hypotheses with explicit confidence and falsification conditions.","Neutrality review finds no unsupported winner language and every prioritization statement links to a hypothesis and evidence state.","PCR-018","Research Director","backlog","TBD","TBD","none","Independent Reviewer","not-reviewed","none","open","none"
"PCR-017","P0","Architecture neutrality","Mule capability decomposition","The decomposition preassigns gateway routing to Kong before the platform decision is complete.","Replace vendor-specific target assignments with required capabilities and map vendors only through evaluated solution options after a gate decision.","The canonical decomposition is vendor neutral and any product mapping references an approved solution-option decision.","PCR-011;PCR-013","Enterprise Architect","backlog","TBD","TBD","none","Independent Reviewer","not-reviewed","none","open","none"
"PCR-018","P0","Candidate screening","All primary and secondary candidates","The repository gives Kong more detailed treatment and does not document an equivalent screen for alternatives.","Establish a symmetric screening protocol with identical archetypes evidence fields time boxes exclusion rules and review authority for every candidate.","A completed screening matrix demonstrates identical questions and evidence expectations across all candidates and records every exclusion.","PCR-011","Research Director","backlog","TBD","TBD","none","Independent Reviewer","not-reviewed","none","open","none"
"PCR-019","P0","Decision model","Mandatory criteria and weighted scoring","The method can double-count mandatory gates and does not state clearly that a high weighted score cannot compensate for a failed gate.","Define non-compensable gate semantics applicability exception authority and the relationship between eligibility gates and weighted differentiators.","Scoring rules and automated examples prove that failed mandatory gates block selection unless a documented exception is approved.","PCR-011","Decision Model Lead","backlog","TBD","TBD","none","Independent Reviewer","not-reviewed","none","open","none"
"PCR-020","P0","Evidence method","Acceptance-test data model","Acceptance tests lack observable measures thresholds conditions applicability evidence levels reviewers and stop rules.","Extend the acceptance-test schema with metric procedure threshold scenario applicability evidence requirement reviewer exception and stop-condition fields.","Schema validation rejects a tautological test and accepts a fully measurable exemplar for each criterion category.","PCR-019","Test Strategy Lead","backlog","TBD","TBD","none","Independent Reviewer","not-reviewed","none","open","none"
"PCR-021","P0","Evidence method","All 120 criterion acceptance tests","All criterion tests restate the requirement as evidence demonstrates and therefore cannot produce reproducible pass or fail decisions.","Rewrite all 120 tests as observable procedures with exact inputs measures thresholds evidence artifacts and review roles.","One hundred twenty tests pass schema validation and an independent reviewer can reproduce the intended verdict from each definition.","PCR-020","Test Strategy Lead","backlog","TBD","TBD","none","Independent Reviewer","not-reviewed","none","open","none"
"PCR-022","P0","Decision readiness","Recommendation and approval gates","The repository does not define the minimum evidence coverage confidence and unresolved-risk conditions required to make a selection.","Define evidence-readiness thresholds selection rules allowed unknowns sensitivity requirements and conditions that force deferral.","A machine-evaluable readiness report returns select defer or reject using approved rules and identifies every blocking evidence gap.","PCR-019;PCR-020","Decision Governance Lead","backlog","TBD","TBD","none","Independent Reviewer","not-reviewed","none","open","none"
"PCR-023","P0","Evidence governance","Claims sources criteria options scenarios and decisions","The repository lacks a complete claim-to-source-to-criterion-to-option-to-test-to-decision chain.","Build a machine-readable traceability ledger with stable identifiers bidirectional links evidence state and authoritative artifact locations.","Automated coverage reports show lineage for every material published claim and list orphaned sources claims criteria tests and decisions.","PCR-013","Evidence Governance Lead","backlog","TBD","TBD","none","Independent Reviewer","not-reviewed","none","open","none"
"PCR-024","P0","Research integrity","All substantive articles","Product and architecture claims rarely cite source IDs at the point where the claim appears.","Add point-of-use source and finding references for factual claims and distinguish sourced fact inference hypothesis observed result and recommendation.","Citation validation finds no unsupported material factual claim in approved studies and every citation resolves to registered evidence.","PCR-023","Research Editor","backlog","TBD","TBD","none","Independent Reviewer","not-reviewed","none","open","none"
"PCR-025","P0","Research integrity","Source register and candidate evidence","Sources do not consistently record effective version entitlement deployment topology region date or access conditions needed to interpret claims.","Extend source metadata and evidence notes with product version edition entitlement topology region publication date access date and applicability limits.","All decision-relevant sources contain required context or an explicit unknown with an assigned closure action.","PCR-023","Evidence Governance Lead","backlog","TBD","TBD","none","Independent Reviewer","not-reviewed","none","open","none"
"PCR-026","P0","Research coverage","Kong Azure API Management Apigee MuleSoft and secondary candidates","Official-source coverage is materially deeper for Kong than for alternative candidates.","Close source and finding coverage gaps using the symmetric protocol and publish a coverage heatmap by candidate criterion and evidence level.","Coverage meets the approved parity threshold or each remaining asymmetry has an accepted scope rationale and risk owner.","PCR-018;PCR-025","Research Director","backlog","TBD","TBD","none","Independent Reviewer","not-reviewed","none","open","none"
"PCR-027","P1","Product research","Kong dossier","Kong pages are fragmented feature outlines without a cohesive sourced assessment of exact variants tradeoffs limits and decision implications.","Produce a principal Kong dossier using the article contract and complete solution-option context with counter-evidence and inline exhibits.","The dossier passes the article rubric and maps every material claim and limitation to sources criteria scenarios and candidate options.","PCR-003;PCR-014;PCR-023;PCR-026","Product Research Lead","backlog","TBD","TBD","none","Independent Reviewer","not-reviewed","none","open","none"
"PCR-028","P0","Product research","Azure API Management dossier","Azure API Management treatment is too shallow for a symmetric decision and lacks equivalent physical architecture and evidence depth.","Produce a principal Azure API Management dossier using the same structure archetypes evidence requirements and exhibit set as other primary candidates.","The dossier passes the shared rubric and parity review with complete option mappings sources limitations and decision implications.","PCR-003;PCR-014;PCR-023;PCR-026","Product Research Lead","backlog","TBD","TBD","none","Independent Reviewer","not-reviewed","none","open","none"
"PCR-029","P0","Product research","Apigee dossier","Apigee treatment is too shallow for a symmetric decision and lacks equivalent physical architecture and evidence depth.","Produce a principal Apigee dossier using the same structure archetypes evidence requirements and exhibit set as other primary candidates.","The dossier passes the shared rubric and parity review with complete option mappings sources limitations and decision implications.","PCR-003;PCR-014;PCR-023;PCR-026","Product Research Lead","backlog","TBD","TBD","none","Independent Reviewer","not-reviewed","none","open","none"
"PCR-030","P0","Product research","MuleSoft dossier","MuleSoft treatment does not separate current-state integration capabilities from candidate API-management functions with comparable evidence depth.","Produce a principal MuleSoft dossier that distinguishes incumbent baseline target capability options and migration implications under the symmetric protocol.","The dossier passes the shared rubric and maps incumbent and candidate claims to actual inventory sources criteria and migration decisions.","PCR-003;PCR-014;PCR-023;PCR-026","Product Research Lead","backlog","TBD","TBD","none","Independent Reviewer","not-reviewed","none","open","none"
"PCR-031","P1","Market research","Secondary candidate screen","The secondary-products page states a policy but contains no actual candidate screen findings or exclusion evidence.","Execute and document the secondary-product screen against approved archetypes and record include exclude monitor and revisit outcomes.","A signed screening table covers all named candidates with sources rationale confidence reviewer and review date.","PCR-018;PCR-023","Market Research Lead","backlog","TBD","TBD","none","Independent Reviewer","not-reviewed","none","open","none"
"PCR-032","P0","Research challenge","All hypotheses and emerging recommendations","Counter-evidence and falsification conditions are not maintained as a first-class cross-candidate artifact.","Create a register of counter-hypotheses disconfirming evidence falsification tests result state and resulting decision impact.","Every material hypothesis and provisional recommendation has at least one documented disconfirmation path and assigned reviewer.","PCR-023","Independent Challenge Lead","backlog","TBD","TBD","none","Independent Reviewer","not-reviewed","none","open","none"
"PCR-033","P1","Evidence lifecycle","Sources findings results and recommendations","Evidence can become stale without visible expiry reassessment ownership or downstream impact analysis.","Define freshness policies and automate review dates expiry states owner notifications and impact tracing for changed evidence.","A freshness report identifies current due and expired evidence and traces each expired item to affected pages scores and decisions.","PCR-023;PCR-025","Evidence Governance Lead","backlog","TBD","TBD","none","Independent Reviewer","not-reviewed","none","open","none"
"PCR-034","P0","Traceability","Findings criteria scenarios option scores and ADRs","Existing findings do not consistently connect to evaluation criteria experiments score changes and formal decisions.","Link every approved finding to impacted criteria solution options scenarios results recommendations and ADRs with direction and materiality.","A generated impact view shows complete bidirectional lineage and no approved finding remains disconnected from a decision use.","PCR-015;PCR-023","Decision Analyst","backlog","TBD","TBD","none","Independent Reviewer","not-reviewed","none","open","none"
"PCR-035","P0","Current-state research","Mule PCF AKS API estate and operating constraints","The current-state baseline is a future inventory checklist rather than an evidence-based description of the actual estate.","Collect and publish the authoritative workload API integration dependency traffic identity control operational cost and migration inventory with uncertainty labels.","A dated baseline dataset and study cover the approved inventory scope reconcile source systems and identify quantified unknowns.","PCR-003;PCR-023","Current-State Assessment Lead","backlog","TBD","TBD","none","Independent Reviewer","not-reviewed","none","open","none"
"PCR-036","P1","Pillar studies","Market landscape and decision archetypes","The shortlist lacks a substantive view of market archetypes fit boundaries and the reasons different operating models favor different solutions.","Publish a sourced market-landscape study comparing archetypes deployment models decision drivers non-fit conditions and screening implications.","The study passes the article rubric and includes a sourced landscape exhibit archetype decision tree and explicit shortlist implications.","PCR-003;PCR-018;PCR-026","Market Research Lead","backlog","TBD","TBD","none","Independent Reviewer","not-reviewed","none","open","none"
"PCR-037","P0","Pillar studies","Hybrid and multicloud deployment","Hybrid content is a list of tests and cautions rather than an exact-option topology comparison with evidence and tradeoffs.","Publish a comparative hybrid and multicloud study covering control and data planes connectivity residency failure modes operations latency support and exit implications.","The study compares every solution option symmetrically and includes physical topology evidence results tradeoffs and criterion impacts.","PCR-014;PCR-024;PCR-048;PCR-054","Hybrid Architecture Lead","backlog","TBD","TBD","none","Independent Reviewer","not-reviewed","none","open","none"
"PCR-038","P0","Pillar studies","Gateway versus integration capability transformation","The repository states a boundary but does not analyze actual capabilities dependencies target services or failure consequences.","Publish a transformation study mapping current integration capabilities to target patterns with alternatives ownership dependencies anti-patterns and migration decisions.","The study maps the current inventory to target capabilities and includes a decision tree dependency flow rejected alternatives and measurable transition outcomes.","PCR-011;PCR-017;PCR-035","Integration Architecture Lead","backlog","TBD","TBD","none","Independent Reviewer","not-reviewed","none","open","none"
"PCR-039","P0","Pillar studies","Security residency identity and networking","The security and networking pages define proof requests but do not compare candidates or interpret option-specific risk.","Publish an evidence-based study of identity secrets certificates policy isolation threat controls residency private connectivity egress and network failure behavior.","The study contains option-by-option evidence threat and trust-boundary diagrams gate verdicts residual risks and approved exceptions.","PCR-014;PCR-021;PCR-024;PCR-048","Security Architecture Lead","backlog","TBD","TBD","none","Independent Reviewer","not-reviewed","none","open","none"
"PCR-040","P1","Pillar studies","API lifecycle developer experience portal and APIops","Lifecycle portal and APIops pages are short checklists without workflows usability evidence governance tradeoffs or measured outcomes.","Publish a comparative lifecycle study from design through retirement covering personas workflows automation governance portal experience and repository integration.","The study includes persona journeys workflow diagrams measured tasks option evidence and decision implications for each lifecycle stage.","PCR-014;PCR-021;PCR-024","API Product Management Lead","backlog","TBD","TBD","none","Independent Reviewer","not-reviewed","none","open","none"
"PCR-041","P0","Pillar studies","Reliability performance observability and operations","Current pages contain test intentions but no service objectives operating model degraded-state analysis comparative results or capacity evidence.","Publish an operational-quality study covering SLOs capacity latency availability scaling upgrades telemetry incident response recovery and failure injection.","The study reports reproducible option-level measures against thresholds with failure-mode diagrams runbooks evidence links and residual risk.","PCR-014;PCR-021;PCR-054;PCR-057","Site Reliability Lead","backlog","TBD","TBD","none","Independent Reviewer","not-reviewed","none","open","none"
"PCR-042","P0","Pillar studies","Commercial model TCO and exit economics","The assessment has no decision-grade cost model that includes licensing infrastructure labor migration support risk and exit cost.","Publish a scenario-based TCO and commercial study with transparent assumptions sensitivity ranges contract dependencies switching costs and five-year economics.","A reproducible model produces comparable option totals and sensitivities and the article explains assumptions uncertainty and decision impact.","PCR-014;PCR-025;PCR-035","FinOps Lead","backlog","TBD","TBD","none","Independent Reviewer","not-reviewed","none","open","none"
"PCR-043","P1","Pillar studies","Operating model skills and support","The operating-model page provides role outlines but does not compare staffing skills support responsibilities or organizational feasibility by option.","Publish an option-specific operating-model study covering RACI skill gaps team topology vendor support toil training governance and transition capacity.","The study includes current-to-target capacity gaps option-level staffing estimates RACI escalation model and actionable transition plan.","PCR-014;PCR-035","Operating Model Lead","backlog","TBD","TBD","none","Independent Reviewer","not-reviewed","none","open","none"
"PCR-044","P0","Pillar studies","Mule decomposition and migration","Migration pages are generic planning notes without workload inventory wave rationale equivalence proof coexistence risks or rollback criteria.","Publish an evidence-based decomposition and migration study with workload segmentation target patterns dependency waves coexistence controls rollback and benefit realization.","Every in-scope workload maps to a disposition wave target capability evidence requirement owner risk and reversible cutover gate.","PCR-035;PCR-038;PCR-041;PCR-042","Migration Lead","backlog","TBD","TBD","none","Independent Reviewer","not-reviewed","none","open","none"
"PCR-045","P0","Decision synthesis","Final recommendation and roadmap","The repository cannot yet make an evidence-backed selection and current narrative material is stronger than the underlying comparative proof.","Publish a recommendation only after readiness gates pass and synthesize option verdicts sensitivity residual risks conditions roadmap and explicit reasons alternatives were rejected.","The recommendation passes readiness validation links all decisive evidence records sensitivity analysis and ADRs and records approver conditions.","PCR-022;PCR-034;PCR-037;PCR-038;PCR-039;PCR-040;PCR-041;PCR-042;PCR-043;PCR-044","Principal Consultant","backlog","TBD","TBD","none","Independent Reviewer","not-reviewed","none","open","none"
"PCR-046","P0","Visual governance","All diagrams charts and presentation figures","Visuals lack a repository-wide canonical identity and can be duplicated or changed without traceability.","Create a canonical figure registry with stable figure ID owning article source data generator audience status and downstream presentation uses.","Every published visual is registered once and automated checks report no orphaned duplicate or unresolved figure reference.","PCR-002;PCR-023","Visualization Lead","backlog","TBD","TBD","none","Independent Reviewer","not-reviewed","none","open","none"
"PCR-047","P0","Visual storytelling","All substantive studies","Most product and comparison articles contain no inline diagram or chart and generic charts are injected before the document rather than supporting its reasoning.","Embed canonical figures at the exact point each study makes the related argument and explain the conclusion drawn from the figure.","Every approved study meets its rubric-defined exhibit requirement and each figure is cited and interpreted in surrounding article text.","PCR-003;PCR-046","Editorial Visualization Lead","backlog","TBD","TBD","none","Independent Reviewer","not-reviewed","none","open","none"
"PCR-048","P0","Architecture comparison","All shortlisted solution options","Only some candidates have architecture coverage and the existing views are not symmetric physical deployments.","Produce comparable physical architectures for every solution option using one legend scope and level of detail across control runtime identity network telemetry and operations.","A parity review confirms that each option has like-for-like deployment context trust boundaries dependencies and evidence links.","PCR-014;PCR-046","Enterprise Architecture Lead","backlog","TBD","TBD","none","Independent Reviewer","not-reviewed","none","open","none"
"PCR-049","P1","Architecture quality","Architecture articles and diagrams","Many diagrams are simplified schematics without state ownership persistence degraded behavior controls alternatives or validation implications.","Deepen canonical diagrams and articles to show ownership state flow trust boundaries failure modes recovery paths operational controls alternatives and linked tests.","Architecture review confirms each required concern is represented or explicitly not applicable and every failure path maps to a validation scenario.","PCR-046;PCR-048","Architecture Review Lead","backlog","TBD","TBD","none","Independent Reviewer","not-reviewed","none","open","none"
"PCR-050","P0","Visual evidence","Every canonical figure","Figures do not consistently state what they prove their source date evidence level limitations or what they cannot establish.","Require figure metadata and article captions with answer-first title interpretation sources as-of date evidence level limitations and decision relevance.","Registry validation finds complete metadata for every published figure and a reviewer can trace each plotted value or diagram assertion to evidence.","PCR-023;PCR-046","Evidence Visualization Lead","backlog","TBD","TBD","none","Independent Reviewer","not-reviewed","none","open","none"
"PCR-051","P1","Accessibility","Charts diagrams and interactive visuals","Visual evidence may be unusable for readers who cannot perceive color or interact with the site and lacks equivalent data views.","Provide accessible text descriptions data tables keyboard support non-color encodings and export-safe alternatives for each visual.","Automated accessibility checks pass and every figure has an equivalent table or structured narrative verified against its source data.","PCR-046;PCR-050","Accessibility Lead","backlog","TBD","TBD","none","Independent Reviewer","not-reviewed","none","open","none"
"PCR-052","P1","Visual information architecture","Visual Atlas and article galleries","The atlas can become a separate primary home for analysis and encourage context-free duplicate visuals.","Make the Visual Atlas an index of canonical article-owned figures and link each entry back to the argument evidence and interpretation in its source study.","Every atlas item resolves to one canonical figure and article anchor and no standalone atlas-only decision claim exists.","PCR-046;PCR-047","Information Architect","backlog","TBD","TBD","none","Independent Reviewer","not-reviewed","none","open","none"
"PCR-053","P1","Visual automation","Generated charts diagrams site and decks","Generated visuals can drift from source data article claims or presentation copies without detection.","Record input hashes generator versions and downstream uses and add automated provenance freshness and divergence checks.","A deterministic build report proves visual inputs and outputs and CI detects a deliberately stale or modified downstream copy.","PCR-046;PCR-050","Visualization Engineering Lead","backlog","TBD","TBD","none","Independent Reviewer","not-reviewed","none","open","none"
"PCR-054","P0","Comparative PoC","PoC scenario portfolio","The existing Kong smoke harness does not provide a symmetric experiment matrix across exact solution options.","Define a comparative PoC matrix mapping each decision-critical scenario to all applicable solution options criteria owners environments and evidence outputs.","The matrix covers every mandatory gate and high-sensitivity differentiator and explains every option or scenario marked not applicable.","PCR-014;PCR-020;PCR-021","PoC Lead","backlog","TBD","TBD","none","Independent Reviewer","not-reviewed","none","open","none"
"PCR-055","P0","Comparative PoC","Scenario definitions and execution governance","PoC intentions lack measurable thresholds baseline methods stop conditions repeat counts and reviewer rules.","Add quantitative thresholds baseline and variance rules repeatability requirements failure and stop conditions evidence levels and independent review to each scenario.","All approved scenarios pass schema validation and dry-run review before product execution begins.","PCR-020;PCR-054","Test Strategy Lead","backlog","TBD","TBD","none","Independent Reviewer","not-reviewed","none","open","none"
"PCR-056","P0","Comparative PoC","Nine unexecuted decision-critical scenarios","Decision-critical hybrid security resilience operability lifecycle and migration questions remain unexecuted.","Execute the nine outstanding priority scenarios against all applicable exact options and record pass fail inconclusive and blocked outcomes without narrative substitution.","Nine scenario result bundles are complete reviewed immutable and linked to affected criteria findings risks and option scorecards.","PCR-054;PCR-055","PoC Lead","backlog","TBD","TBD","none","Independent Reviewer","not-reviewed","none","open","none"
"PCR-057","P0","Evidence operations","All PoC and benchmark results","Test results are not yet packaged as durable replayable decision evidence with environment and configuration context.","Publish reproducible evidence bundles containing procedure code configuration versions topology raw output normalized measures logs hashes limitations and reviewer sign-off.","An independent operator reproduces a sampled result within the accepted tolerance using only the bundle and documented prerequisites.","PCR-055;PCR-056","Evidence Engineering Lead","backlog","TBD","TBD","none","Independent Reviewer","not-reviewed","none","open","none"
"PCR-058","P0","Decision records","ADR 0003 through ADR 0005 and future decisions","Several ADRs are one-sentence principles and do not meet the repository ADR contract or connect decisions to evidence.","Complete each ADR with status context decision alternatives evidence consequences conditions expiry and links to solution options findings and approval records.","ADR validation passes for all active records and every material approved decision has complete bidirectional evidence traceability.","PCR-011;PCR-023;PCR-034","Architecture Governance Lead","backlog","TBD","TBD","none","Independent Reviewer","not-reviewed","none","open","none"
"PCR-059","P1","Publishing and presentations","Static site executive deck and role-specific presentations","The polished site and decks can overstate maturity and reuse generic content instead of presenting audience-specific evidence-backed arguments.","Rebuild site pathways and executive architecture developer DevOps and platform presentations from approved canonical studies figures and maturity metadata.","Each audience artifact has an explicit decision outcome uses only registered figures links to canonical evidence and passes role-based content review.","PCR-006;PCR-007;PCR-045;PCR-046;PCR-052","Presentation and Site Lead","backlog","TBD","TBD","none","Independent Reviewer","not-reviewed","none","open","none"
"PCR-060","P0","Independent assurance","Entire decision publication","No final independent principal review verifies methodological coherence content depth evidence sufficiency visual integrity and decision defensibility after remediation.","Run an independent principal assurance review against the approved rubric traceability model readiness thresholds and audience artifacts before declaring the repository decision grade.","A signed assurance report records pass conditional pass or fail with sampled evidence unresolved findings and explicit publication recommendation.","PCR-010;PCR-022;PCR-045;PCR-053;PCR-057;PCR-058;PCR-059","Independent Review Lead","backlog","TBD","TBD","none","Independent Reviewer","not-reviewed","none","open","none"
"PCR-061","P0","Public repository governance","Repository root releases and downloadable artifacts","The public repository does not yet expose a complete contribution security ownership release and reusable-artifact contract.","Add or complete the license security policy code of conduct ownership and review rules changelog semantic tags releases and versioned downloadable PDF and deck snapshots.","A public-readiness checklist confirms valid LICENSE SECURITY.md CODE_OF_CONDUCT.md ownership rules contribution review policy changelog tagged release release notes and downloadable PDF and deck assets.","PCR-009;PCR-059","Repository Governance Lead","backlog","TBD","TBD","none","Independent Reviewer","not-reviewed","none","open","none"
"PCR-062","P1","Document navigation","Canonical figures article pages and Visual Atlas","Figures lack stable deep-link targets and readers cannot reliably navigate cite or return between an article argument its figures and the document rail.","Assign stable figure anchors expose them in the document rail and add bidirectional deep links among figure citations article sections and Visual Atlas entries.","Every registered figure has a durable anchor copied figure links resolve after a clean build and automated navigation tests traverse article citation figure rail and atlas in both directions.","PCR-046;PCR-047;PCR-052;PCR-059","Site Information Architecture Lead","backlog","TBD","TBD","none","Independent Reviewer","not-reviewed","none","open","none"
"PCR-063","P0","Study architecture","Reusable framework and AKS PCF Mule modernization case","Generic API management guidance is intertwined with a named modernization case and the publication does not define archetypes or the boundary between public and restricted evidence.","Separate the reusable vendor-neutral study framework from the AKS PCF and Mule modernization case then define explicit organization archetypes and a publication model for public synthesized restricted and confidential evidence.","The site and repository expose distinct framework and case-study paths each claim is tagged to an archetype and every evidence item has an enforced disclosure classification with public-safe substitutions where required.","PCR-001;PCR-003;PCR-011;PCR-035","Research Architecture Lead","backlog","TBD","TBD","none","Independent Reviewer","not-reviewed","none","open","none"
"PCR-064","P0","Decision governance","Risks open questions assumptions and actions","Risks questions and actions are narrative lists without consistent severity treatment timing evidence linkage or accountable closure gates and charts can imply precision not present in the records.","Operationalize registers with likelihood impact inherent and residual rating treatment trigger due gate owner status evidence links and closure criteria then generate charts only from validated register data.","Schema validation covers every active record dashboards reconcile exactly to the registers overdue and triggered items are visible and no risk or action chart is maintained independently.","PCR-012;PCR-022;PCR-023","Risk and Action Governance Lead","backlog","TBD","TBD","none","Independent Reviewer","not-reviewed","none","open","none"
"PCR-065","P0","Integrated roadmap","Repository roadmap delivery roadmap and modernization plan","Roadmap artifacts use unreconciled windows and do not expose capacity constraints cross-workstream dependencies critical path cost or benefit realization.","Reconcile all roadmap views into one dependency-aware plan with common time windows workstream capacity milestones decision gates critical path cost ranges benefits owners and baseline-change control.","Repository and delivery views are generated from one plan all dates and gates reconcile and a reviewed critical-path report identifies capacity cost benefit and dependency assumptions.","PCR-012;PCR-042;PCR-043;PCR-044","Program Delivery Lead","backlog","TBD","TBD","none","Independent Reviewer","not-reviewed","none","open","none"
"PCR-066","P0","Evidence automation","Evidence ledger scorecards findings and recommendation inputs","Scorecards findings and narrative summaries can drift because they are separately maintained instead of being deterministic views of the evidence ledger.","Make the evidence ledger the sole source of truth and generate exact-solution scorecards finding summaries coverage views and recommendation inputs from governed ledger records.","A clean build regenerates all scorecards and finding views for every solution option manual edits to generated outputs are rejected and deliberate ledger changes propagate consistently through dependent artifacts.","PCR-015;PCR-023;PCR-034","Evidence Platform Lead","backlog","TBD","TBD","none","Independent Reviewer","not-reviewed","none","open","none"
"PCR-067","P0","PoC engineering","Workload fixtures runtime fault injection Kubernetes delegation and telemetry","The PoC harness uses simple smoke workloads and does not represent API behavior authentication payload protocols state failure conditions Kubernetes operating boundaries or telemetry degradation needed for decision-grade proof.","Build representative API fixtures covering authentication payload sizes protocols state and idempotency add deterministic latency fault and state controls constrain Kubernetes delegation to safe namespaces and permissions and verify complete telemetry behavior during component and export failures.","The fixture catalog maps to production archetypes deterministic runs reproduce expected success and failure states Kubernetes tests prove least-privilege boundaries and telemetry evidence covers trace metric log correlation loss backpressure retry and recovery behavior.","PCR-035;PCR-054;PCR-055;PCR-057","PoC Engineering Lead","backlog","TBD","TBD","none","Independent Reviewer","not-reviewed","none","open","none"
"PCR-068","P0","Decision measurement","Site dashboards delivery reporting and release gates","Success is communicated through counts of resources documents and diagrams that measure repository activity rather than whether the platform decision is sufficiently evidenced and stable.","Replace volume-based success measures with decision-readiness measures covering mandatory-gate disposition option-by-criterion coverage evidence freshness source-to-claim coverage executed and reviewed scenarios unresolved blockers and ranking stability.","Site and release reports are generated from governed evidence and show approved thresholds trends and blockers for every readiness measure while document and diagram counts are retained only as non-success inventory metadata.","PCR-022;PCR-023;PCR-033;PCR-054;PCR-066","Decision Assurance Lead","backlog","TBD","TBD","none","Independent Reviewer","not-reviewed","none","open","none"
